Date,commit
2022-07-04,OpenGL
2022-07-04,SRTP
2022-07-05,English
2022-07-05,OpenGL
2022-07-05,SRTP
2022-07-05,Machine Learning
2022-07-06,English
2022-07-06,Visualization
2022-07-06,SRTP
2022-07-06,OpenGL
2022-07-07,English
2022-07-07,SRTP
2022-07-08,English
2022-07-08,SRTP
2022-07-10,SRTP
2022-07-12,SRTP
2022-07-13,SRTP
2022-07-16,SRTP
2022-07-17,SRTP
2022-07-18,SRTP
2022-07-19,SRTP
2022-08-01,SRTP
2022-08-02,SRTP
2022-08-03,SRTP
2022-08-04,SRTP
2022-08-04,OpenGL
2022-08-10,SRTP
2022-08-11,SRTP
2022-08-12,SRTP
2022-08-13,SRTP
2022-08-14,SRTP
2022-08-15,SRTP
2022-08-15,OpenGL
2022-08-16,OpenGL
2022-08-16,SRTP
2022-08-16,Linux
2022-08-17,OpenGL
2022-08-17,Linux
